{"cameraMode":{"drawMode":0,"name":"Shaded","section":"Shading Mode"},"sceneLighting":false,"audioPlay":false,"sceneViewState":{"m_AlwaysRefresh":false,"showFog":true,"showSkybox":false,"showFlares":true,"showImageEffects":true,"showParticleSystems":true,"showVisualEffectGraphs":true,"m_FxEnabled":true},"in2DMode":false,"pivot":{"x":-53.24245071411133,"y":1.7096495628356934,"z":-62.399986267089847},"rotation":{"x":0.2156897634267807,"y":-0.046424396336078647,"z":0.009273837320506573,"w":0.9757356643676758},"size":14.605366706848145,"orthographic":false}