{"cameraMode":{"drawMode":0,"name":"Shaded","section":"Shading Mode"},"sceneLighting":false,"audioPlay":false,"sceneViewState":{"m_AlwaysRefresh":false,"showFog":true,"showSkybox":false,"showFlares":true,"showImageEffects":true,"showParticleSystems":true,"showVisualEffectGraphs":true,"m_FxEnabled":true},"in2DMode":false,"pivot":{"x":-0.05316539853811264,"y":1.3305777311325074,"z":0.03206212818622589},"rotation":{"x":0.40912219882011416,"y":0.013224494643509388,"z":-0.005853603594005108,"w":0.9124537110328674},"size":1.0176684856414796,"orthographic":false}