{"cameraMode":{"drawMode":0,"name":"Shaded","section":"Shading Mode"},"sceneLighting":false,"audioPlay":false,"sceneViewState":{"m_AlwaysRefresh":false,"showFog":true,"showSkybox":false,"showFlares":true,"showImageEffects":true,"showParticleSystems":true,"showVisualEffectGraphs":true,"m_FxEnabled":true},"in2DMode":false,"pivot":{"x":1.1451555490493775,"y":0.7331894636154175,"z":0.011025309562683106},"rotation":{"x":-0.0029464485123753549,"y":0.15212789177894593,"z":0.0005855512572452426,"w":0.9884722232818604},"size":0.8618299961090088,"orthographic":false}