{"cameraMode":{"drawMode":0,"name":"Shaded","section":"Shading Mode"},"sceneLighting":false,"audioPlay":false,"sceneViewState":{"m_AlwaysRefresh":false,"showFog":true,"showSkybox":false,"showFlares":true,"showImageEffects":true,"showParticleSystems":true,"showVisualEffectGraphs":true,"m_FxEnabled":true},"in2DMode":false,"pivot":{"x":-9.987434387207032,"y":81.31175231933594,"z":103.50141143798828},"rotation":{"x":-0.27569830417633059,"y":0.020018132403492929,"z":-0.005526210647076368,"w":-0.9612573981285095},"size":3.115065813064575,"orthographic":false}