{"cameraMode":{"drawMode":0,"name":"Shaded","section":"Shading Mode"},"sceneLighting":false,"audioPlay":false,"sceneViewState":{"m_AlwaysRefresh":false,"showFog":true,"showSkybox":false,"showFlares":true,"showImageEffects":true,"showParticleSystems":true,"showVisualEffectGraphs":true,"m_FxEnabled":true},"in2DMode":false,"pivot":{"x":-0.6338386535644531,"y":0.24312597513198853,"z":-1.4019759893417359},"rotation":{"x":-0.008161446079611779,"y":-0.9841407537460327,"z":-0.05337715148925781,"w":0.1701207011938095},"size":0.8660253882408142,"orthographic":false}