{"cameraMode":{"drawMode":0,"name":"Shaded","section":"Shading Mode"},"sceneLighting":false,"audioPlay":false,"sceneViewState":{"m_AlwaysRefresh":false,"showFog":true,"showSkybox":false,"showFlares":true,"showImageEffects":true,"showParticleSystems":true,"showVisualEffectGraphs":true,"m_FxEnabled":true},"in2DMode":false,"pivot":{"x":-0.029999999329447748,"y":0.04861561208963394,"z":-0.09000007808208466},"rotation":{"x":0.017550073564052583,"y":0.10159868746995926,"z":0.0023234637919813396,"w":-0.9949125051498413},"size":0.05741338059306145,"orthographic":false}