{"cameraMode":{"drawMode":0,"name":"Shaded","section":"Shading Mode"},"sceneLighting":false,"audioPlay":false,"sceneViewState":{"m_AlwaysRefresh":false,"showFog":true,"showSkybox":false,"showFlares":true,"showImageEffects":true,"showParticleSystems":true,"showVisualEffectGraphs":true,"m_FxEnabled":true},"in2DMode":false,"pivot":{"x":0.03296399116516113,"y":0.2703326642513275,"z":0.07425892353057862},"rotation":{"x":0.04260179027915001,"y":0.20360273122787476,"z":-0.008747037500143052,"w":0.9782045483589172},"size":0.41611820459365847,"orthographic":false}