{"cameraMode":{"drawMode":0,"name":"Shaded","section":"Shading Mode"},"sceneLighting":false,"audioPlay":false,"sceneViewState":{"m_AlwaysRefresh":false,"showFog":true,"showSkybox":false,"showFlares":true,"showImageEffects":true,"showParticleSystems":true,"showVisualEffectGraphs":true,"m_FxEnabled":true},"in2DMode":false,"pivot":{"x":0.23518157005310059,"y":0.7611135244369507,"z":0.15525774657726289},"rotation":{"x":0.013738415203988552,"y":0.6512001752853394,"z":-0.011630892753601075,"w":0.7588425874710083},"size":0.9085947275161743,"orthographic":false}