{"cameraMode":{"drawMode":0,"name":"Shaded","section":"Shading Mode"},"sceneLighting":false,"audioPlay":false,"sceneViewState":{"m_AlwaysRefresh":false,"showFog":true,"showSkybox":false,"showFlares":true,"showImageEffects":true,"showParticleSystems":true,"showVisualEffectGraphs":true,"m_FxEnabled":true},"in2DMode":false,"pivot":{"x":0.10556143522262573,"y":0.13169147074222566,"z":0.5626702308654785},"rotation":{"x":0.03566023334860802,"y":0.13843880593776704,"z":-0.0049097537994384769,"w":0.9897984266281128},"size":0.8660253882408142,"orthographic":false}