{"cameraMode":{"drawMode":0,"name":"Shaded","section":"Shading Mode"},"sceneLighting":false,"audioPlay":false,"sceneViewState":{"m_AlwaysRefresh":false,"showFog":true,"showSkybox":false,"showFlares":true,"showImageEffects":true,"showParticleSystems":true,"showVisualEffectGraphs":true,"m_FxEnabled":true},"in2DMode":false,"pivot":{"x":0.04557904601097107,"y":0.014589786529541016,"z":0.04530304670333862},"rotation":{"x":0.2530383765697479,"y":-0.19466117024421693,"z":0.0508878231048584,"w":0.9465511441230774},"size":1.9052525758743287,"orthographic":false}