{"cameraMode":{"drawMode":0,"name":"Shaded","section":"Shading Mode"},"sceneLighting":false,"audioPlay":false,"sceneViewState":{"m_AlwaysRefresh":false,"showFog":true,"showSkybox":false,"showFlares":true,"showImageEffects":true,"showParticleSystems":true,"showVisualEffectGraphs":true,"m_FxEnabled":true},"in2DMode":false,"pivot":{"x":-0.45441970229148867,"y":0.7742690443992615,"z":-0.039413243532180789},"rotation":{"x":-0.035048965364694598,"y":-0.6831209659576416,"z":0.032775767147541049,"w":-0.7288165092468262},"size":0.8422039747238159,"orthographic":false}