{"cameraMode":{"drawMode":0,"name":"Shaded","section":"Shading Mode"},"sceneLighting":false,"audioPlay":false,"sceneViewState":{"m_AlwaysRefresh":false,"showFog":true,"showSkybox":false,"showFlares":true,"showImageEffects":true,"showParticleSystems":true,"showVisualEffectGraphs":true,"m_FxEnabled":true},"in2DMode":false,"pivot":{"x":-0.16476154327392579,"y":0.8417010307312012,"z":0.6835718154907227},"rotation":{"x":-0.014807351864874363,"y":0.1597621589899063,"z":-0.002409133594483137,"w":-0.9871059060096741},"size":0.9408208131790161,"orthographic":false}