{"cameraMode":{"drawMode":0,"name":"Shaded","section":"Shading Mode"},"sceneLighting":false,"audioPlay":false,"sceneViewState":{"m_AlwaysRefresh":false,"showFog":true,"showSkybox":false,"showFlares":true,"showImageEffects":true,"showParticleSystems":true,"showVisualEffectGraphs":true,"m_FxEnabled":true},"in2DMode":false,"pivot":{"x":-4.172325134277344e-7,"y":-1.1920928955078126e-7,"z":-1.1920928955078126e-7},"rotation":{"x":0.0824120044708252,"y":0.009935159236192704,"z":-0.0007498264312744141,"w":0.9966316223144531},"size":1.8697389364242554,"orthographic":false}