{"cameraMode":{"drawMode":0,"name":"Shaded","section":"Shading Mode"},"sceneLighting":true,"audioPlay":false,"sceneViewState":{"m_AlwaysRefresh":false,"showFog":true,"showSkybox":true,"showFlares":true,"showImageEffects":true,"showParticleSystems":true,"showVisualEffectGraphs":true,"m_FxEnabled":true},"in2DMode":false,"pivot":{"x":49.88148880004883,"y":62.74277114868164,"z":161.01751708984376},"rotation":{"x":0.010659994557499886,"y":0.053254157304763797,"z":-0.0030728867277503015,"w":0.9988994002342224},"size":14.040626525878907,"orthographic":false}