{"cameraMode":{"drawMode":0,"name":"Shaded","section":"Shading Mode"},"sceneLighting":true,"audioPlay":false,"sceneViewState":{"m_AlwaysRefresh":false,"showFog":true,"showSkybox":true,"showFlares":true,"showImageEffects":true,"showParticleSystems":true,"showVisualEffectGraphs":true,"m_FxEnabled":true},"in2DMode":false,"pivot":{"x":34.51875686645508,"y":73.14884948730469,"z":115.03763580322266},"rotation":{"x":0.010891513898968697,"y":-0.056189317256212237,"z":-0.00117420160677284,"w":0.9987143278121948},"size":1.2315753698349,"orthographic":false}