{"cameraMode":{"drawMode":0,"name":"Shaded","section":"Shading Mode"},"sceneLighting":false,"audioPlay":false,"sceneViewState":{"m_AlwaysRefresh":false,"showFog":true,"showSkybox":false,"showFlares":true,"showImageEffects":true,"showParticleSystems":true,"showVisualEffectGraphs":true,"m_FxEnabled":true},"in2DMode":false,"pivot":{"x":-0.05000009760260582,"y":0.1025003120303154,"z":-0.0730721578001976},"rotation":{"x":0.0032316106371581556,"y":-0.854709267616272,"z":0.003299237694591284,"w":0.5194621086120606},"size":0.13544689118862153,"orthographic":false}