{"cameraMode":{"drawMode":0,"name":"Shaded","section":"Shading Mode"},"sceneLighting":false,"audioPlay":false,"sceneViewState":{"m_AlwaysRefresh":false,"showFog":true,"showSkybox":false,"showFlares":true,"showImageEffects":true,"showParticleSystems":true,"showVisualEffectGraphs":true,"m_FxEnabled":true},"in2DMode":false,"pivot":{"x":-4.9073309898376469,"y":2.9493346214294435,"z":-5.328427791595459},"rotation":{"x":0.035893525928258899,"y":-0.9607354402542114,"z":0.16196152567863465,"w":0.22627411782741548},"size":12.312891006469727,"orthographic":false}