{"cameraMode":{"drawMode":0,"name":"Shaded","section":"Shading Mode"},"sceneLighting":false,"audioPlay":false,"sceneViewState":{"m_AlwaysRefresh":false,"showFog":true,"showSkybox":false,"showFlares":true,"showImageEffects":true,"showParticleSystems":true,"showVisualEffectGraphs":true,"m_FxEnabled":true},"in2DMode":false,"pivot":{"x":-0.15000012516975404,"y":0.03197947517037392,"z":-0.09000010043382645},"rotation":{"x":0.23984979093074799,"y":0.5285301208496094,"z":-0.15756648778915406,"w":0.7991984486579895},"size":0.03893137723207474,"orthographic":false}