{"cameraMode":{"drawMode":0,"name":"Shaded","section":"Shading Mode"},"sceneLighting":false,"audioPlay":false,"sceneViewState":{"m_AlwaysRefresh":false,"showFog":true,"showSkybox":false,"showFlares":true,"showImageEffects":true,"showParticleSystems":true,"showVisualEffectGraphs":true,"m_FxEnabled":true},"in2DMode":false,"pivot":{"x":-8.664556503295899,"y":0.779829740524292,"z":1.7069728374481202},"rotation":{"x":0.03937344625592232,"y":-0.7489480376243591,"z":-0.0392882339656353,"w":-0.6613136529922485},"size":0.000017320508050033823,"orthographic":false}