{"cameraMode":{"drawMode":0,"name":"Shaded","section":"Shading Mode"},"sceneLighting":false,"audioPlay":false,"sceneViewState":{"m_AlwaysRefresh":false,"showFog":true,"showSkybox":false,"showFlares":true,"showImageEffects":true,"showParticleSystems":true,"showVisualEffectGraphs":true,"m_FxEnabled":true},"in2DMode":false,"pivot":{"x":-2.822152853012085,"y":2.3139278888702394,"z":-14.14889907836914},"rotation":{"x":0.079046830534935,"y":0.09800571948289871,"z":-0.007732858881354332,"w":0.9920932650566101},"size":0.000017320508050033823,"orthographic":false}