{"cameraMode":{"drawMode":0,"name":"Shaded","section":"Shading Mode"},"sceneLighting":false,"audioPlay":false,"sceneViewState":{"m_AlwaysRefresh":false,"showFog":true,"showSkybox":false,"showFlares":true,"showImageEffects":true,"showParticleSystems":true,"showVisualEffectGraphs":true,"m_FxEnabled":true},"in2DMode":false,"pivot":{"x":0.01739828661084175,"y":0.17339934408664704,"z":-0.027580752968788148},"rotation":{"x":-0.00038543317350558937,"y":-0.9944226145744324,"z":-0.013541151769459248,"w":0.10643726587295532},"size":0.14993533492088319,"orthographic":false}