{"cameraMode":{"drawMode":0,"name":"Shaded","section":"Shading Mode"},"sceneLighting":false,"audioPlay":false,"sceneViewState":{"m_AlwaysRefresh":false,"showFog":true,"showSkybox":false,"showFlares":true,"showImageEffects":true,"showParticleSystems":true,"showVisualEffectGraphs":true,"m_FxEnabled":true},"in2DMode":false,"pivot":{"x":-0.21596135199069978,"y":0.1168321743607521,"z":-0.07956396043300629},"rotation":{"x":-0.031833987683057788,"y":-0.9273915886878967,"z":-0.08408063650131226,"w":0.3636639714241028},"size":0.25868770480155947,"orthographic":false}