{"cameraMode":{"drawMode":0,"name":"Shaded","section":"Shading Mode"},"sceneLighting":true,"audioPlay":false,"sceneViewState":{"m_AlwaysRefresh":false,"showFog":true,"showSkybox":true,"showFlares":true,"showImageEffects":true,"showParticleSystems":true,"showVisualEffectGraphs":true,"m_FxEnabled":true},"in2DMode":false,"pivot":{"x":97.97943115234375,"y":11.157085418701172,"z":-82.59073638916016},"rotation":{"x":-0.18490254878997804,"y":-0.03543756902217865,"z":0.006026757415384054,"w":-0.9824328422546387},"size":13.912480354309082,"orthographic":false}