{"cameraMode":{"drawMode":0,"name":"Shaded","section":"Shading Mode"},"sceneLighting":true,"audioPlay":false,"sceneViewState":{"m_AlwaysRefresh":false,"showFog":true,"showSkybox":true,"showFlares":true,"showImageEffects":true,"showParticleSystems":true,"showVisualEffectGraphs":true,"m_FxEnabled":false},"in2DMode":false,"pivot":{"x":182.1509552001953,"y":48.280269622802737,"z":84.3023452758789},"rotation":{"x":0.14499807357788087,"y":-0.012721295468509198,"z":0.002685684012249112,"w":0.9895464181900024},"size":12.43871021270752,"orthographic":false}