{"cameraMode":{"drawMode":0,"name":"Shaded","section":"Shading Mode"},"sceneLighting":true,"audioPlay":false,"sceneViewState":{"m_AlwaysRefresh":false,"showFog":true,"showSkybox":true,"showFlares":true,"showImageEffects":true,"showParticleSystems":true,"showVisualEffectGraphs":true,"m_FxEnabled":true},"in2DMode":false,"pivot":{"x":-0.44791969656944277,"y":1.1638157367706299,"z":-0.20623543858528138},"rotation":{"x":-0.33374565839767458,"y":0.03528423234820366,"z":-0.01255382876843214,"w":-0.9419876933097839},"size":3.198228120803833,"orthographic":false}