{"cameraMode":{"drawMode":0,"name":"Shaded","section":"Shading Mode"},"sceneLighting":true,"audioPlay":false,"sceneViewState":{"m_AlwaysRefresh":false,"showFog":true,"showSkybox":true,"showFlares":true,"showImageEffects":true,"showParticleSystems":true,"showVisualEffectGraphs":true,"m_FxEnabled":true},"in2DMode":false,"pivot":{"x":142.8519287109375,"y":57.337581634521487,"z":51.70762252807617},"rotation":{"x":-0.20329298079013825,"y":-0.21495376527309419,"z":0.046605274081230167,"w":-0.9545881152153015},"size":26.041152954101564,"orthographic":false}