{"cameraMode":{"drawMode":0,"name":"Shaded","section":"Shading Mode"},"sceneLighting":true,"audioPlay":false,"sceneViewState":{"m_AlwaysRefresh":false,"showFog":true,"showSkybox":true,"showFlares":true,"showImageEffects":true,"showParticleSystems":true,"showVisualEffectGraphs":true,"m_FxEnabled":true},"in2DMode":false,"pivot":{"x":191.27996826171876,"y":33.751522064208987,"z":85.35054016113281},"rotation":{"x":0.013322577811777592,"y":-0.12246311455965042,"z":0.0023747177328914406,"w":0.9926735162734985},"size":2.22322678565979,"orthographic":false}