{"cameraMode":{"drawMode":0,"name":"Shaded","section":"Shading Mode"},"sceneLighting":true,"audioPlay":false,"sceneViewState":{"m_AlwaysRefresh":false,"showFog":true,"showSkybox":true,"showFlares":true,"showImageEffects":true,"showParticleSystems":true,"showVisualEffectGraphs":true,"m_FxEnabled":true},"in2DMode":false,"pivot":{"x":51.535484313964847,"y":101.40471649169922,"z":-98.06729888916016},"rotation":{"x":0.27111101150512698,"y":-0.019626813009381295,"z":0.012899275869131089,"w":0.9632624983787537},"size":12.611571311950684,"orthographic":false}