{"cameraMode":{"drawMode":0,"name":"Shaded","section":"Shading Mode"},"sceneLighting":true,"audioPlay":false,"sceneViewState":{"m_AlwaysRefresh":false,"showFog":true,"showSkybox":true,"showFlares":true,"showImageEffects":true,"showParticleSystems":true,"showVisualEffectGraphs":true,"m_FxEnabled":true},"in2DMode":false,"pivot":{"x":-9.437097549438477,"y":18.97371482849121,"z":-118.47734069824219},"rotation":{"x":0.12418435513973236,"y":0.36272263526916506,"z":-0.05218757316470146,"w":0.9227665066719055},"size":11.689201354980469,"orthographic":false}