{"cameraMode":{"drawMode":0,"name":"Shaded","section":"Shading Mode"},"sceneLighting":true,"audioPlay":false,"sceneViewState":{"m_AlwaysRefresh":false,"showFog":true,"showSkybox":true,"showFlares":true,"showImageEffects":true,"showParticleSystems":true,"showVisualEffectGraphs":true,"m_FxEnabled":true},"in2DMode":false,"pivot":{"x":-17.660507202148439,"y":12.682913780212403,"z":-12.489675521850586},"rotation":{"x":-0.04772855341434479,"y":-0.10376343876123429,"z":-0.004949112422764301,"w":0.9935284852981567},"size":14.931514739990235,"orthographic":false}