{"cameraMode":{"drawMode":0,"name":"Shaded","section":"Shading Mode"},"sceneLighting":true,"audioPlay":false,"sceneViewState":{"m_AlwaysRefresh":false,"showFog":true,"showSkybox":true,"showFlares":true,"showImageEffects":true,"showParticleSystems":true,"showVisualEffectGraphs":true,"m_FxEnabled":true},"in2DMode":false,"pivot":{"x":173.42384338378907,"y":45.18352127075195,"z":136.37843322753907},"rotation":{"x":0.2062208354473114,"y":-0.03155278041958809,"z":0.030965426936745645,"w":0.978909432888031},"size":5.605345249176025,"orthographic":false}