{"cameraMode":{"drawMode":0,"name":"Shaded","section":"Shading Mode"},"sceneLighting":true,"audioPlay":false,"sceneViewState":{"m_AlwaysRefresh":false,"showFog":true,"showSkybox":true,"showFlares":true,"showImageEffects":true,"showParticleSystems":true,"showVisualEffectGraphs":true,"m_FxEnabled":true},"in2DMode":false,"pivot":{"x":-4.27122163772583,"y":30.916397094726564,"z":-130.3899688720703},"rotation":{"x":0.06295058131217957,"y":-0.01975272037088871,"z":0.001361500471830368,"w":0.9979406595230103},"size":19.833818435668947,"orthographic":false}