{"cameraMode":{"drawMode":0,"name":"Shaded","section":"Shading Mode"},"sceneLighting":true,"audioPlay":false,"sceneViewState":{"m_AlwaysRefresh":false,"showFog":true,"showSkybox":true,"showFlares":true,"showImageEffects":true,"showParticleSystems":true,"showVisualEffectGraphs":true,"m_FxEnabled":true},"in2DMode":false,"pivot":{"x":-2.1875085830688478,"y":5.231233596801758,"z":-2.509225606918335},"rotation":{"x":-0.07392049580812454,"y":-0.36518287658691409,"z":0.029047874733805658,"w":-0.9276115298271179},"size":2.1234471797943117,"orthographic":false}