{"cameraMode":{"drawMode":0,"name":"Shaded","section":"Shading Mode"},"sceneLighting":true,"audioPlay":false,"sceneViewState":{"m_AlwaysRefresh":false,"showFog":true,"showSkybox":true,"showFlares":true,"showImageEffects":true,"showParticleSystems":true,"showVisualEffectGraphs":true,"m_FxEnabled":true},"in2DMode":false,"pivot":{"x":217.54025268554688,"y":1.4305895566940308,"z":13.994068145751954},"rotation":{"x":0.23834407329559327,"y":0.5888410806655884,"z":-0.18923215568065644,"w":0.7497356534004211},"size":13.939369201660157,"orthographic":false}