{"cameraMode":{"drawMode":0,"name":"Shaded","section":"Shading Mode"},"sceneLighting":true,"audioPlay":false,"sceneViewState":{"m_AlwaysRefresh":false,"showFog":true,"showSkybox":true,"showFlares":true,"showImageEffects":true,"showParticleSystems":true,"showVisualEffectGraphs":true,"m_FxEnabled":true},"in2DMode":false,"pivot":{"x":7.949876308441162,"y":1.8228545188903809,"z":-2.4347944259643556},"rotation":{"x":0.14644911885261537,"y":-0.018976083025336267,"z":0.0028045771177858116,"w":0.9890620708465576},"size":3.0837175846099855,"orthographic":false}