{"cameraMode":{"drawMode":0,"name":"Shaded","section":"Shading Mode"},"sceneLighting":true,"audioPlay":false,"sceneViewState":{"m_AlwaysRefresh":false,"showFog":true,"showSkybox":true,"showFlares":true,"showImageEffects":true,"showParticleSystems":true,"showVisualEffectGraphs":true,"m_FxEnabled":true},"in2DMode":false,"pivot":{"x":39.38275909423828,"y":97.92933654785156,"z":8.857629776000977},"rotation":{"x":0.28002452850341799,"y":0.020265307277441026,"z":-0.0010646868031471968,"w":0.9607732892036438},"size":12.12435531616211,"orthographic":false}