{"cameraMode":{"drawMode":0,"name":"Shaded","section":"Shading Mode"},"sceneLighting":true,"audioPlay":false,"sceneViewState":{"m_AlwaysRefresh":false,"showFog":true,"showSkybox":true,"showFlares":true,"showImageEffects":true,"showParticleSystems":true,"showVisualEffectGraphs":true,"m_FxEnabled":true},"in2DMode":false,"pivot":{"x":30.77605438232422,"y":-1.1920928955078126e-7,"z":9.092464447021485},"rotation":{"x":0.0824120044708252,"y":0.009935159236192704,"z":-0.0007498264312744141,"w":0.9966316223144531},"size":1.8697384595870972,"orthographic":false}