{"cameraMode":{"drawMode":0,"name":"Shaded","section":"Shading Mode"},"sceneLighting":true,"audioPlay":false,"sceneViewState":{"m_AlwaysRefresh":false,"showFog":true,"showSkybox":true,"showFlares":true,"showImageEffects":true,"showParticleSystems":true,"showVisualEffectGraphs":true,"m_FxEnabled":true},"in2DMode":false,"pivot":{"x":26.116050720214845,"y":74.75656127929688,"z":-57.146766662597659},"rotation":{"x":-0.26348820328712466,"y":0.05531393736600876,"z":-0.014973725192248822,"w":-0.9632280468940735},"size":2.5917842388153078,"orthographic":false}