{"cameraMode":{"drawMode":0,"name":"Shaded","section":"Shading Mode"},"sceneLighting":true,"audioPlay":false,"sceneViewState":{"m_AlwaysRefresh":false,"showFog":true,"showSkybox":true,"showFlares":true,"showImageEffects":true,"showParticleSystems":true,"showVisualEffectGraphs":true,"m_FxEnabled":true},"in2DMode":false,"pivot":{"x":-0.9263108968734741,"y":6.387722969055176,"z":-14.006547927856446},"rotation":{"x":0.13134664297103883,"y":-0.06442440301179886,"z":0.008617300540208817,"w":0.9892816543579102},"size":2.8897182941436769,"orthographic":false}