{"cameraMode":{"drawMode":0,"name":"Shaded","section":"Shading Mode"},"sceneLighting":true,"audioPlay":false,"sceneViewState":{"m_AlwaysRefresh":false,"showFog":true,"showSkybox":true,"showFlares":true,"showImageEffects":true,"showParticleSystems":true,"showVisualEffectGraphs":true,"m_FxEnabled":true},"in2DMode":false,"pivot":{"x":9.604896545410157,"y":63.76514434814453,"z":124.31608581542969},"rotation":{"x":0.21431410312652589,"y":0.009668374434113503,"z":-0.002121774246916175,"w":0.9767163395881653},"size":31.6339111328125,"orthographic":false}