{"cameraMode":{"drawMode":0,"name":"Shaded","section":"Shading Mode"},"sceneLighting":true,"audioPlay":false,"sceneViewState":{"m_AlwaysRefresh":false,"showFog":true,"showSkybox":true,"showFlares":true,"showImageEffects":true,"showParticleSystems":true,"showVisualEffectGraphs":true,"m_FxEnabled":true},"in2DMode":false,"pivot":{"x":-24.00420570373535,"y":-1.0202666521072388,"z":-1.5003118515014649},"rotation":{"x":-0.23334240913391114,"y":-0.002960541984066367,"z":0.0007063240627758205,"w":-0.97244793176651},"size":76.57506561279297,"orthographic":false}