{"cameraMode":{"drawMode":0,"name":"Shaded","section":"Shading Mode"},"sceneLighting":false,"audioPlay":false,"sceneViewState":{"m_AlwaysRefresh":false,"showFog":true,"showSkybox":false,"showFlares":true,"showImageEffects":true,"showParticleSystems":true,"showVisualEffectGraphs":true,"m_FxEnabled":true},"in2DMode":false,"pivot":{"x":-0.2689059376716614,"y":0.12250124663114548,"z":-0.08253515511751175},"rotation":{"x":-0.031833987683057788,"y":-0.9273915886878967,"z":-0.08408063650131226,"w":0.3636639714241028},"size":0.3081676959991455,"orthographic":false}