{"cameraMode":{"drawMode":0,"name":"Shaded","section":"Shading Mode"},"sceneLighting":false,"audioPlay":false,"sceneViewState":{"m_AlwaysRefresh":false,"showFog":true,"showSkybox":false,"showFlares":true,"showImageEffects":true,"showParticleSystems":true,"showVisualEffectGraphs":true,"m_FxEnabled":true},"in2DMode":false,"pivot":{"x":0.08104526996612549,"y":1.2994180917739869,"z":0.011783123016357422},"rotation":{"x":0.057608384639024737,"y":0.17231585085391999,"z":-0.01001732051372528,"w":0.9833870530128479},"size":1.977088451385498,"orthographic":false}