{"cameraMode":{"drawMode":0,"name":"Shaded","section":"Shading Mode"},"sceneLighting":false,"audioPlay":false,"sceneViewState":{"m_AlwaysRefresh":false,"showFog":true,"showSkybox":false,"showFlares":true,"showImageEffects":true,"showParticleSystems":true,"showVisualEffectGraphs":true,"m_FxEnabled":true},"in2DMode":false,"pivot":{"x":-0.09201936423778534,"y":0.04005211219191551,"z":-0.1203528642654419},"rotation":{"x":-0.01814976893365383,"y":-0.7138498425483704,"z":-0.02002459019422531,"w":0.700055718421936},"size":0.1685231775045395,"orthographic":false}