{"cameraMode":{"drawMode":0,"name":"Shaded","section":"Shading Mode"},"sceneLighting":false,"audioPlay":false,"sceneViewState":{"m_AlwaysRefresh":false,"showFog":true,"showSkybox":false,"showFlares":true,"showImageEffects":true,"showParticleSystems":true,"showVisualEffectGraphs":true,"m_FxEnabled":true},"in2DMode":false,"pivot":{"x":-0.18670335412025453,"y":0.1198187917470932,"z":-0.07437345385551453},"rotation":{"x":-0.031833987683057788,"y":-0.9273915886878967,"z":-0.08408063650131226,"w":0.3636639714241028},"size":0.23415204882621766,"orthographic":false}