{"cameraMode":{"drawMode":0,"name":"Shaded","section":"Shading Mode"},"sceneLighting":false,"audioPlay":false,"sceneViewState":{"m_AlwaysRefresh":false,"showFog":true,"showSkybox":false,"showFlares":true,"showImageEffects":true,"showParticleSystems":true,"showVisualEffectGraphs":true,"m_FxEnabled":true},"in2DMode":false,"pivot":{"x":-57.448150634765628,"y":6.915513515472412,"z":-50.53294372558594},"rotation":{"x":0.27182766795158389,"y":-0.07601135224103928,"z":0.020914698019623758,"w":0.9595422148704529},"size":9.180975914001465,"orthographic":false}