{"cameraMode":{"drawMode":0,"name":"Shaded","section":"Shading Mode"},"sceneLighting":true,"audioPlay":false,"sceneViewState":{"showFog":true,"showMaterialUpdate":false,"showSkybox":true,"showFlares":true,"showImageEffects":true,"showParticleSystems":true},"in2DMode":false,"pivot":{"x":0.4576644003391266,"y":7.184298038482666,"z":-4.771271228790283},"rotation":{"x":0.18620379269123078,"y":-0.04566878080368042,"z":0.008665604516863823,"w":0.9814186692237854},"size":2.432579755783081,"orthographic":false}