{"cameraMode":{"drawMode":0,"name":"Shaded","section":"Shading Mode"},"sceneLighting":false,"audioPlay":false,"sceneViewState":{"m_AlwaysRefresh":false,"showFog":false,"showSkybox":false,"showFlares":false,"showImageEffects":false,"showParticleSystems":false,"showVisualEffectGraphs":true,"m_FxEnabled":true},"in2DMode":false,"pivot":{"x":0.0018721818923950196,"y":0.9113988876342773,"z":-0.013576924800872803},"rotation":{"x":-0.03114396333694458,"y":-0.9897153377532959,"z":0.14964398741722108,"w":0.006312479265034199},"size":1.49307119846344,"orthographic":false}