{"cameraMode":{"drawMode":0,"name":"Shaded","section":"Shading Mode"},"sceneLighting":false,"audioPlay":false,"sceneViewState":{"m_AlwaysRefresh":false,"showFog":true,"showSkybox":false,"showFlares":true,"showImageEffects":true,"showParticleSystems":true,"showVisualEffectGraphs":true,"m_FxEnabled":true},"in2DMode":false,"pivot":{"x":0.5316972732543945,"y":2.0284504890441896,"z":-0.11420175433158875},"rotation":{"x":0.07104706764221192,"y":0.17184507846832276,"z":-0.011450400575995446,"w":0.9827043414115906},"size":4.160778522491455,"orthographic":false}