{"cameraMode":{"drawMode":0,"name":"Shaded","section":"Shading Mode"},"sceneLighting":false,"audioPlay":false,"sceneViewState":{"m_AlwaysRefresh":false,"showFog":true,"showSkybox":false,"showFlares":true,"showImageEffects":true,"showParticleSystems":true,"showVisualEffectGraphs":true,"m_FxEnabled":true},"in2DMode":false,"pivot":{"x":2.384185791015625e-7,"y":2.9802401065826418,"z":2.384185791015625e-7},"rotation":{"x":0.18513943254947663,"y":0.00909932516515255,"z":0.004115894436836243,"w":0.9835947155952454},"size":5.082888126373291,"orthographic":false}