{"cameraMode":{"drawMode":0,"name":"Shaded","section":"Shading Mode"},"sceneLighting":false,"audioPlay":false,"sceneViewState":{"m_AlwaysRefresh":false,"showFog":true,"showSkybox":false,"showFlares":true,"showImageEffects":true,"showParticleSystems":true,"showVisualEffectGraphs":true,"m_FxEnabled":true},"in2DMode":false,"pivot":{"x":0.08017930388450623,"y":0.1709664762020111,"z":0.19916322827339173},"rotation":{"x":-0.031833987683057788,"y":-0.9273915886878967,"z":-0.08408063650131226,"w":0.3636639714241028},"size":0.31814998388290408,"orthographic":false}